celltype,pearson,spearman
Endothelial,0.17196047690968402,0.14035405708851426
Fibroblast,0.3867138447680418,0.3329186467296617
Mast_cell,0.11117950847340763,0.22619048339137088
Myeloid,0.31057808100215,0.17738810334702584
Plasma_cell,0.13974386206302286,0.08075299118824779
Smooth_muscle,0.29794864942310373,0.2475999312428328
T_cell,0.4555287272173791,0.3672090543022635
