,Fibroblast,Myeloid,Epithelial,T_cell,Smooth_muscle,Endothelial,Plasma_cell,Mast_cell
pearson,0.2486059738105709,0.2482925909870261,0.9945076599023774,0.1695644322135219,0.1587433756855175,0.1701898241668518,-0.01824465752065588,0.05153140187655632
spearman,0.28264179616044904,0.18907270576817645,0.9856945069236268,0.15218225004556252,0.13017988624024138,0.14465801866450467,0.0004822321205580301,0.061011707210514604
