celltype,pearson,spearman
Endothelial,0.18489031646535475,0.16105014126253533
Fibroblast,0.24878197810620567,0.2837501149375287
Mast_cell,0.0509590545032073,0.061355272999875844
Myeloid,0.25304495428251295,0.19434410758602688
Plasma_cell,0.01748272098531125,0.025432941358235338
Smooth_muscle,0.1574543364654261,0.13415492308903887
T_cell,0.17903040829137212,0.1589401192350298
