Embedding,Isolated labels,KMeans NMI,KMeans ARI,Silhouette label,cLISI,BRAS,iLISI,KBET,Graph connectivity,PCR comparison,Batch correction,Cell-type Total,Total
Cellina_Basal,0.48475578,0.7119214989928873,0.5349740722173505,0.60888124,0.99999994,0.71276665,0.044914722,0.40287717185219063,0.6991007808434616,0,0.3719318644954293,0.6681065559387207,0.5496366793614041
Cellina_Spatial,0.47227114,0.4178038821740996,0.2701694190287846,0.50056636,0.9739808,0.54726654,9.934108e-09,0.14038433001948467,0.2609308441290905,0,0.18971634341202095,0.5269583225250244,0.392061530879823
scVI,0.54195756,0.3375948747549454,0.13814262417786022,0.491869,0.9016998,0.9341274,0.15684122,0.451345610013173,0.48650812617582373,0.7292587156218512,0.5516162121334098,0.4822527885437012,0.5099981579795846
Cellina_Shifted,0.4756056,0.6392376418819534,0.4504105513057156,0.5597406,0.9996797,0.59621495,1.4901161e-08,0.19844062173353524,0.5528980986824704,0,0.26951073410013837,0.6249347686767578,0.48276515484611
Metric Type,Bio conservation,Bio conservation,Bio conservation,Bio conservation,Bio conservation,Batch correction,Batch correction,Batch correction,Batch correction,Batch correction,Aggregate score,Aggregate score,Aggregate score
