model_name,num_epochs,dataset_size,adata_path,total_train_time_sec,avg_ram_gb,avg_vram_gb,peak_vram_gb
mintflow,50,140542,/data2/a330d/datasets/crc/processed/crc_222.h5ad,4353.554898262024,3.445016176351379,0.06274050990859238,0.1077265739440918
mintflow,50,370074,/data2/a330d/datasets/crc/processed/crc_221.h5ad,40216.46299624443,16.383939749322,0.2608051911031268,1.317230224609375
mintflow,50,617498,/data2/a330d/datasets/crc/processed/crc_210.h5ad,72256.99195957184,24.798972000045605,0.2752996078578295,1.3756084442138672
mintflow,51,298151,/data2/a330d/datasets/crc/processed/crc_231.h5ad,32191.14700460434,13.011952696333312,0.21110122704035372,0.8489642143249512
