model_name,num_epochs,dataset_name,dataset_size,dataset_path,total_train_time_sec,avg_ram_gb,avg_vram_gb,peak_vram_gb
mintflow,50,crc,140542,/data2/a330d/datasets/crc/processed/crc_222.h5ad,4353.554898262024,3.445016176351379,0.06274050990859238,0.1077265739440918
mintflow,50,crc,617498,/data2/a330d/datasets/crc/processed/crc_210.h5ad,72256.99195957184,24.798972000045605,0.2752996078578295,1.3756084442138672
mintflow,51,crc,298151,/data2/a330d/datasets/crc/processed/crc_231.h5ad,32191.14700460434,13.011952696333312,0.21110122704035372,0.8489642143249512
mintflow,30,crc,474471,/data2/a330d/datasets/crc/processed/crc_242.h5ad,34700.65247941017,22.49063105743159,0.2445174656017084,1.176910400390625
mintflow,31,crc,370074,/data2/a330d/datasets/crc/processed/crc_221.h5ad,24413.24684739113,16.301984654194225,0.25862809416783583,1.3192877769470215
mintflow,31,crc,741155,/data2/a330d/datasets/crc/processed/crc_120.h5ad,78231.32615303993,46.704075934523864,0.2087890669090477,1.0303244590759277
