dataset_name,sid,control_domain,target_domain,n_deg,model_name,holdout_celltype,spearman,pearson,precision,direction_match,direction_match_k,direction_match_gt,mixing_index,edistance_global,edistance_local,edistance_pca_log,edistance_pca,rmse,mse_lfc
crc,crc_210,REF,CRC,50,mintflow,Endothelial,0.900408163265306,0.9905911861130042,0.56,1.0,0.56,0.96,0.3275330615491697,72.79316111188196,77.39768906248693,13.987146601528124,391.62329356300467,44814.01657760853,2.040491776808041
crc,crc_210,REF,CRC,50,mintflow,Epithelial,0.7605762304921969,0.9112736904027021,0.28,1.0,0.28,0.98,0.552177840809745,67.04294059010566,70.09299414329908,13.195075339698793,985.0109469934247,864678.1555629048,3.3728460285329103
crc,crc_210,REF,CRC,50,mintflow,Fibroblast,0.47111644657863144,0.886805485691001,0.1,1.0,0.1,0.82,0.5918755568397986,71.44480588288062,73.87105220844528,13.508398614221708,836.0902289889478,165324.68483842156,3.031936863177403
crc,crc_210,REF,CRC,50,mintflow,Myeloid,0.6664585834333733,0.6894631317310808,0.26,1.0,0.26,0.9,0.8292426605193572,75.27982037095391,80.17309914030989,14.411618338909344,629.3408525067811,123654.62505166042,3.2136883827238787
crc,crc_210,REF,CRC,50,mintflow,T_cell,0.7575990396158462,0.8982205822755098,0.3,1.0,0.3,0.92,0.8349161446756921,75.91410373201145,81.06707449501502,13.268711810963547,304.379150990582,42503.07501774474,1.6372599954868232
