dataset_name,sid,control_domain,target_domain,n_deg,model_name,holdout_celltype,spearman,pearson,precision,direction_match,direction_match_k,direction_match_gt,mixing_index,edistance_global,edistance_local,edistance_pca_log,edistance_pca,rmse,mse_lfc
crc,crc_221,REF,CRC,50,mintflow,Endothelial,0.4659303721488595,0.509746480704388,0.86,1.0,0.86,1.0,0.6188747731397459,75.2715545447858,79.3591590409553,13.563529320755183,381.0041163414302,26884.44591064853,0.7475903878200577
crc,crc_221,REF,CRC,50,mintflow,Epithelial,0.6711644657863145,0.8505496079952236,0.2,1.0,0.2,0.98,0.7312707614147073,66.084234026911,67.7632825950603,14.210302414205762,684.3470687106899,306051.9882131049,3.359741466142191
crc,crc_221,REF,CRC,50,mintflow,Fibroblast,0.43721488595438174,0.6304529820737289,0.16,1.0,0.16,0.8,0.44337233531014586,75.96482948228764,77.61124321628958,14.329823725088351,1073.0092655499266,120005.51698338502,4.069742573664781
crc,crc_221,REF,CRC,50,mintflow,Myeloid,0.5522689075630253,0.5413990315480939,0.72,1.0,0.72,1.0,0.3424915824915825,75.05294159234506,78.51407604255547,13.929146962852926,510.5116453383337,36010.61735006257,0.8927047829998682
crc,crc_221,REF,CRC,50,mintflow,T_cell,0.7505882352941176,0.8762381224443252,0.42,1.0,0.42,0.92,0.7940146131518366,79.8575314433476,84.01879182846282,13.846536350763543,285.6607130888753,39666.079976347646,1.1968961455806704
