dataset_name,sid,control_domain,target_domain,n_deg,model_name,holdout_celltype,spearman,pearson,precision,direction_match,direction_match_k,mixing_index,edistance_global,edistance_local,rmse
crc,crc_232,REF,CRC,200,mintflow,Fibroblast,0.5382419560489013,0.6187801398680521,0.155,1.0,0.155,0.6161391640492873,20.953940560036017,23.35012362472691,58147.707122963315
crc,crc_232,REF,CRC,200,mintflow,Endothelial,0.5651451286282158,0.623943337284982,0.17,0.9705882352941176,0.165,0.9353223868642371,22.35697059005798,25.829982154483627,15100.524146411502
crc,crc_232,REF,CRC,200,mintflow,Myeloid,0.6608100202505063,0.8076672715164107,0.235,1.0,0.235,0.9990069513406157,22.576194199478714,25.162927279358705,14940.12176478809
crc,crc_232,REF,CRC,200,mintflow,T_cell,0.710494262356559,0.8470236625116166,0.145,1.0,0.145,0.9466523451485858,25.327362873825898,28.211768821638675,8880.24978470722
crc,crc_232,REF,CRC,200,mintflow,Epithelial,0.6588854721368036,0.5984042158380329,0.17,0.9411764705882353,0.16,0.5828398402958279,20.316797587424226,22.854269991460896,106616.0963390732
