dataset_name,sid,control_domain,target_domain,n_deg,model_name,holdout_celltype,spearman,pearson,precision,direction_match,direction_match_k,direction_match_gt,mixing_index,edistance_global,edistance_local,edistance_pca_log,edistance_pca,rmse,mse_lfc
crc,crc_242,REF,CRC,50,mintflow,Endothelial,0.2908523409363745,0.38179073255505724,0.08,0.75,0.06,0.7,0.05907429963459196,61.023761428110255,63.19983367377383,14.311749917630255,792.5743794569007,5485.104274039502,5.225271346820371
crc,crc_242,REF,CRC,50,mintflow,Epithelial,0.8268427370948378,0.9150069024712727,0.46,1.0,0.46,0.98,0.5574437754393863,58.79418970179338,61.40676448990796,14.428434169673313,584.2648687864028,208651.9083881428,4.893256496786046
crc,crc_242,REF,CRC,50,mintflow,Fibroblast,0.038367346938775505,0.08651498896515372,0.16,0.625,0.1,0.6,0.37484477558985274,59.896113362016855,61.01222030834189,13.46070402659414,1350.9138301110265,71515.1645413897,5.546861690870802
crc,crc_242,REF,CRC,50,mintflow,Myeloid,0.16897959183673472,0.38767514682217297,0.12,0.8333333333333334,0.1,0.66,0.17964793826862793,62.577010081557226,64.49062511716633,15.016612506560154,883.5675770163995,13817.1772402052,5.311528724936523
crc,crc_242,REF,CRC,50,mintflow,T_cell,0.395438175270108,0.5470778508465295,0.08,0.75,0.06,0.76,0.611402157164869,63.29078057652886,67.8522715689094,13.31938606483374,458.9118869154181,11428.756172696025,2.002141666125001
