dataset_name,sid,control_domain,target_domain,n_deg,model_name,holdout_celltype,spearman,pearson,precision,direction_match,direction_match_k,direction_match_gt,mixing_index,edistance_global,edistance_local,edistance_pca_log,edistance_pca,rmse,mse_lfc
crc,crc_231,REF,CRC,50,mintflow,Endothelial,0.7592316926770708,0.9517703716783776,0.32,1.0,0.32,0.96,0.6233009708737864,80.25839428039244,83.2184407297514,12.610255559046227,411.02965366619935,6100.969955463633,1.7120396214223197
crc,crc_231,REF,CRC,50,mintflow,Epithelial,0.8263625450180071,0.868332519074822,0.36,1.0,0.36,0.92,0.6402307912844036,65.01584771512366,68.3260512719139,8.7044369628834,334.11326954192975,115351.41966202519,2.2283512045590705
crc,crc_231,REF,CRC,50,mintflow,Fibroblast,-0.17551020408163265,-0.31306813864187477,0.2,0.2,0.04,0.38,0.6014923430653768,76.6332929139169,80.93240701186626,12.26180526339265,448.55101273086314,88743.09860071779,3.4378145178228383
crc,crc_231,REF,CRC,50,mintflow,Myeloid,0.4699639855942377,0.5356512946666496,0.06,1.0,0.06,0.74,0.41087470449172575,73.68879920161788,76.30121008015288,11.994611749459555,566.6956669888896,9760.445997691017,2.0129970464318983
crc,crc_231,REF,CRC,50,mintflow,T_cell,0.21296518607442977,0.20174800085060046,0.12,0.5,0.06,0.62,0.644794806399258,78.45424078940069,82.01311656147844,12.955173091536604,350.94635845682467,16653.46076282594,2.2809085356201373
