dataset_name,sid,control_domain,target_domain,n_deg,model_name,holdout_celltype,spearman,pearson,precision,direction_match,direction_match_k,mixing_index,edistance_global,edistance_local,rmse
crc,crc_242,REF,CRC,50,mintflow,Endothelial,0.2785594237695078,0.3762539925282341,0.08,0.75,0.06,0.3909866017052375,11.243092263115432,13.761043249651967,5507.45795432956
crc,crc_242,REF,CRC,50,mintflow,Epithelial,0.8268427370948378,0.9149466340040597,0.48,1.0,0.48,0.5629583778815673,13.433053782555778,14.69116277495568,208571.1530097695
crc,crc_242,REF,CRC,50,mintflow,Fibroblast,0.03529411764705882,0.08636330732996211,0.16,0.625,0.1,0.3755987227248537,13.837744191743548,16.033133504656565,71575.64328906065
crc,crc_242,REF,CRC,50,mintflow,Myeloid,0.16926770708283315,0.3905682854063454,0.12,0.8333333333333334,0.1,0.1760308656860381,14.785578357470047,16.974968726117638,13786.372438543527
crc,crc_242,REF,CRC,50,mintflow,T_cell,0.39841536614645856,0.5482800537815773,0.08,0.75,0.06,0.5996918335901387,14.094472859106284,16.847789168841295,11451.26329329401
